Ticker,Name,Sector,Asset Class,Market Value,Weight (%),Notional Value,Shares,CUSIP,ISIN,SEDOL,Price,Location,Exchange,Currency,FX Rate,Market Currency
"9984","SOFTBANK GROUP CORP","Communication","Equity","68,853.09","2.00","68,853.09","723.00","S67706200","JP3436100006","6770620","95.17","Japan","Tokyo Stock Exchange","USD","104.67","JPY"
"6758","SONY CORP","Consumer Discretionary","Equity","65,611.84","1.91","65,611.84","573.00","S68215060","JP3435000009","6821506","114.56","Japan","Tokyo Stock Exchange","USD","104.67","JPY"
"6594","NIDEC CORP","Industrials","Equity","58,345.33","1.70","58,345.33","422.00","S66406828","JP3734800000","6640682","138.25","Japan","Tokyo Stock Exchange","USD","104.67","JPY"
"6861","KEYENCE CORP","Information Technology","Equity","56,398.24","1.64","56,398.24","103.00","S64909955","JP3236200006","6490995","545.45","Japan","Tokyo Stock Exchange","USD","104.67","JPY"
"8306","MITSUBISHI UFJ FINANCIAL GROUP INC","Financials","Equity","54,827.84","1.59","54,827.84","11,099.00","S63351712","JP3902900004","6335171","4.94","Japan","Tokyo Stock Exchange","USD","104.67","JPY"
"6098","RECRUIT HOLDINGS LTD","Industrials","Equity","54,347.94","1.58","54,347.94","1,115.00","-","JP3970300004","BQRRZ00","48.73","Japan","Tokyo Stock Exchange","USD","104.67","JPY"
"4063","SHIN ETSU CHEMICAL LTD","Materials","Equity","54,207.24","1.58","54,207.24","317.00","S68045855","JP3371200001","6804585","171.26","Japan","Tokyo Stock Exchange","USD","104.67","JPY"
"9432","NIPPON TELEGRAPH AND TELEPHONE COR","Communication","Equity","50,311.34","1.46","50,311.34","1,869.00","S66413733","JP3735400008","6641373","26.92","Japan","Tokyo Stock Exchange","USD","104.67","JPY"
"6367","DAIKIN INDUSTRIES LTD","Industrials","Equity","49,268.30","1.43","49,268.30","222.00","S62507249","JP3481800005","6250724","221.61","Japan","Tokyo Stock Exchange","USD","104.67","JPY"
"6981","MURATA MANUFACTURING LTD","Information Technology","Equity","47,336.35","1.38","47,336.35","512.00","S66104035","JP3914400001","6610403","92.37","Japan","Tokyo Stock Exchange","USD","104.67","JPY"
"7203","TOYOTA MOTOR CORP","Consumer Discretionary","Equity","47,076.62","1.37","47,076.62","606.00","S69006435","JP3633400001","6900643","77.68","Japan","Tokyo Stock Exchange","USD","104.67","JPY"
"9433","KDDI CORP","Communication","Equity","44,634.16","1.30","44,634.16","1,387.00","S62489901","JP3496400007","6248990","32.19","Japan","Tokyo Stock Exchange","USD","104.67","JPY"
"7974","NINTENDO LTD","Communication","Equity","44,017.35","1.28","44,017.35","72.00","S66395500","JP3756600007","6639550","614.82","Japan","Tokyo Stock Exchange","USD","104.67","JPY"
"4502","TAKEDA PHARMACEUTICAL LTD","Health Care","Equity","43,868.39","1.27","43,868.39","1,236.00","S68704451","JP3463000004","6870445","35.49","Japan","Tokyo Stock Exchange","USD","104.67","JPY"
"7741","HOYA CORP","Health Care","Equity","43,422.21","1.26","43,422.21","347.00","S64415060","JP3837800006","6441506","125.26","Japan","Tokyo Stock Exchange","USD","104.67","JPY"
"4568","DAIICHI SANKYO LTD","Health Care","Equity","43,259.50","1.26","43,259.50","1,417.00","-","JP3475350009","B0J7D91","30.53","Japan","Tokyo Stock Exchange","USD","104.67","JPY"
"7267","HONDA MOTOR LTD","Consumer Discretionary","Equity","41,467.90","1.21","41,467.90","1,387.00","S64351455","JP3854600008","6435145","29.90","Japan","Tokyo Stock Exchange","USD","104.67","JPY"
"6954","FANUC CORP","Industrials","Equity","41,452.07","1.20","41,452.07","151.00","S63569347","JP3802400006","6356934","275.02","Japan","Tokyo Stock Exchange","USD","104.67","JPY"
"8316","SUMITOMO MITSUI FINANCIAL GROUP IN","Financials","Equity","40,770.93","1.18","40,770.93","1,206.00","S65630246","JP3890350006","6563024","33.81","Japan","Tokyo Stock Exchange","USD","104.67","JPY"
"8035","TOKYO ELECTRON LTD","Information Technology","Equity","40,310.31","1.17","40,310.31","102.00","S68956754","JP3571400005","6895675","396.22","Japan","Tokyo Stock Exchange","USD","104.67","JPY"
"6501","HITACHI LTD","Information Technology","Equity","39,813.56","1.16","39,813.56","844.00","S64291040","JP3788600009","6429104","47.17","Japan","Tokyo Stock Exchange","USD","104.67","JPY"
"8001","ITOCHU CORP","Industrials","Equity","36,151.23","1.05","36,151.23","1,206.00","S64678030","JP3143600009","6467803","29.98","Japan","Tokyo Stock Exchange","USD","104.67","JPY"
"8411","MIZUHO FINANCIAL GROUP INC","Financials","Equity","33,642.38","0.98","33,642.38","2,338.00","S65910143","JP3885780001","6591014","14.39","Japan","Tokyo Stock Exchange","USD","104.67","JPY"
"6273","SMC (JAPAN) CORP","Industrials","Equity","33,280.48","0.97","33,280.48","53.00","S67639658","JP3162600005","6763965","630.87","Japan","Tokyo Stock Exchange","USD","104.67","JPY"
"4661","ORIENTAL LAND LTD","Consumer Discretionary","Equity","30,820.12","0.90","30,820.12","181.00","S66488917","JP3198900007","6648891","170.40","Japan","Tokyo Stock Exchange","USD","104.67","JPY"
"4452","KAO CORP","Consumer Staples","Equity","30,789.51","0.89","30,789.51","422.00","S64838097","JP3205800000","6483809","72.96","Japan","Tokyo Stock Exchange","USD","104.67","JPY"
"8766","TOKIO MARINE HOLDINGS INC","Financials","Equity","30,387.36","0.88","30,387.36","573.00","S65131260","JP3910660004","6513126","53.05","Japan","Tokyo Stock Exchange","USD","104.67","JPY"
"8058","MITSUBISHI CORP","Industrials","Equity","28,860.30","0.84","28,860.30","1,055.00","S65967853","JP3898400001","6596785","27.35","Japan","Tokyo Stock Exchange","USD","104.67","JPY"
"6503","MITSUBISHI ELECTRIC CORP","Industrials","Equity","28,531.43","0.83","28,531.43","1,748.00","S65970451","JP3902400005","6597045","16.32","Japan","Tokyo Stock Exchange","USD","104.67","JPY"
"8031","MITSUI LTD","Industrials","Equity","27,181.54","0.79","27,181.54","1,416.00","S65973026","JP3893600001","6597302","19.19","Japan","Tokyo Stock Exchange","USD","104.67","JPY"
"4519","CHUGAI PHARMACEUTICAL LTD","Health Care","Equity","26,937.29","0.78","26,937.29","543.00","S61964086","JP3519400000","6196408","49.64","Japan","Tokyo Stock Exchange","USD","104.67","JPY"
"3382","SEVEN & I HOLDINGS LTD","Consumer Staples","Equity","26,789.71","0.78","26,789.71","663.00","-","JP3422950000","B0FS5D6","40.40","Japan","Tokyo Stock Exchange","USD","104.67","JPY"
"6752","PANASONIC CORP","Consumer Discretionary","Equity","26,133.34","0.76","26,133.34","1,869.00","S65727075","JP3866800000","6572707","13.98","Japan","Tokyo Stock Exchange","USD","104.67","JPY"
"4503","ASTELLAS PHARMA INC","Health Care","Equity","25,802.75","0.75","25,802.75","1,509.00","S69853836","JP3942400007","6985383","17.10","Japan","Tokyo Stock Exchange","USD","104.67","JPY"
"6902","DENSO CORP","Consumer Discretionary","Equity","25,340.40","0.74","25,340.40","392.00","S66403817","JP3551500006","6640381","64.66","Japan","Tokyo Stock Exchange","USD","104.67","JPY"
"2413","M3 INC","Health Care","Equity","25,221.03","0.73","25,221.03","301.00","-","JP3435750009","B02K2M3","83.67","Japan","Tokyo Stock Exchange","USD","104.67","JPY"
"4911","SHISEIDO LTD","Consumer Staples","Equity","24,890.78","0.72","24,890.78","339.00","S68052653","JP3351600006","6805265","73.40","Japan","Tokyo Stock Exchange","USD","104.67","JPY"
"9022","CENTRAL JAPAN RAILWAY","Industrials","Equity","24,805.12","0.72","24,805.12","151.00","S61835526","JP3566800003","6183552","164.57","Japan","Tokyo Stock Exchange","USD","104.67","JPY"
"4543","TERUMO CORP","Health Care","Equity","23,805.78","0.69","23,805.78","543.00","S68850742","JP3546800008","6885074","43.87","Japan","Tokyo Stock Exchange","USD","104.67","JPY"
"6702","FUJITSU LTD","Information Technology","Equity","23,476.56","0.68","23,476.56","154.00","S63569453","JP3818000006","6356945","151.96","Japan","Tokyo Stock Exchange","USD","104.67","JPY"
"6301","KOMATSU LTD","Industrials","Equity","23,198.60","0.67","23,198.60","784.00","S64965841","JP3304200003","6496584","29.60","Japan","Tokyo Stock Exchange","USD","104.67","JPY"
"9020","EAST JAPAN RAILWAY","Industrials","Equity","22,205.79","0.65","22,205.79","301.00","S62985429","JP3783600004","6298542","73.66","Japan","Tokyo Stock Exchange","USD","104.67","JPY"
"8267","AEON LTD","Consumer Staples","Equity","22,100.87","0.64","22,100.87","663.00","S64800485","JP3388200002","6480048","33.33","Japan","Tokyo Stock Exchange","USD","104.67","JPY"
"6326","KUBOTA CORP","Industrials","Equity","21,924.74","0.64","21,924.74","904.00","S64975097","JP3266400005","6497509","24.24","Japan","Tokyo Stock Exchange","USD","104.67","JPY"
"9983","FAST RETAILING LTD","Consumer Discretionary","Equity","20,635.39","0.60","20,635.39","23.00","S63324396","JP3802300008","6332439","912.72","Japan","Tokyo Stock Exchange","USD","104.67","JPY"
"7751","CANON INC","Information Technology","Equity","19,908.84","0.58","19,908.84","876.00","S61723235","JP3242800005","6172323","22.72","Japan","Tokyo Stock Exchange","USD","104.67","JPY"
"8802","MITSUBISHI ESTATE CO LTD","Real Estate","Equity","19,897.15","0.58","19,897.15","1,145.00","S65967291","JP3899600005","6596729","17.37","Japan","Tokyo Stock Exchange","USD","104.67","JPY"
"7733","OLYMPUS CORP","Health Care","Equity","18,907.43","0.55","18,907.43","965.00","S66588013","JP3201200007","6658801","19.60","Japan","Tokyo Stock Exchange","USD","104.67","JPY"
"5108","BRIDGESTONE CORP","Consumer Discretionary","Equity","18,684.86","0.54","18,684.86","452.00","S61321014","JP3830800003","6132101","41.32","Japan","Tokyo Stock Exchange","USD","104.67","JPY"
"6971","KYOCERA CORP","Information Technology","Equity","18,124.12","0.53","18,124.12","271.00","S64992605","JP3249600002","6499260","66.80","Japan","Tokyo Stock Exchange","USD","104.67","JPY"
"2914","JAPAN TOBACCO INC","Consumer Staples","Equity","17,771.86","0.52","17,771.86","934.00","S64745359","JP3726800000","6474535","19.02","Japan","Tokyo Stock Exchange","USD","104.67","JPY"
"8591","ORIX CORP","Financials","Equity","17,766.70","0.52","17,766.70","1,055.00","S66611443","JP3200450009","6661144","16.84","Japan","Tokyo Stock Exchange","USD","104.67","JPY"
"8801","MITSUI FUDOSAN LTD","Real Estate","Equity","17,732.30","0.52","17,732.30","784.00","S65976037","JP3893200000","6597603","22.62","Japan","Tokyo Stock Exchange","USD","104.67","JPY"
"9735","SECOM LTD","Industrials","Equity","17,289.21","0.50","17,289.21","181.00","S67915918","JP3421800008","6791591","95.59","Japan","Tokyo Stock Exchange","USD","104.67","JPY"
"2502","ASAHI GROUP HOLDINGS LTD","Consumer Staples","Equity","16,646.60","0.48","16,646.60","392.00","S60544095","JP3116000005","6054409","42.48","Japan","Tokyo Stock Exchange","USD","104.67","JPY"
"8113","UNICHARM CORP","Consumer Staples","Equity","16,437.45","0.48","16,437.45","362.00","S69114858","JP3951600000","6911485","45.44","Japan","Tokyo Stock Exchange","USD","104.67","JPY"
"1925","DAIWA HOUSE INDUSTRY LTD","Real Estate","Equity","16,172.21","0.47","16,172.21","512.00","S62513635","JP3505000004","6251363","31.56","Japan","Tokyo Stock Exchange","USD","104.67","JPY"
"4578","OTSUKA HOLDINGS LTD","Health Care","Equity","16,150.54","0.47","16,150.54","362.00","-","JP3188220002","B5LTM93","44.65","Japan","Tokyo Stock Exchange","USD","104.67","JPY"
"8604","NOMURA HOLDINGS INC","Financials","Equity","16,033.23","0.47","16,033.23","2,655.00","S66431081","JP3762600009","6643108","6.04","Japan","Tokyo Stock Exchange","USD","104.67","JPY"
"2503","KIRIN HOLDINGS LTD","Consumer Staples","Equity","15,995.39","0.46","15,995.39","754.00","497350108","JP3258000003","6493745","21.22","Japan","Tokyo Stock Exchange","USD","104.67","JPY"
"7269","SUZUKI MOTOR CORP","Consumer Discretionary","Equity","15,650.70","0.45","15,650.70","332.00","S68655042","JP3397200001","6865504","47.20","Japan","Tokyo Stock Exchange","USD","104.67","JPY"
"8750","DAI-ICHI LIFE HOLDINGS INC","Financials","Equity","15,639.00","0.45","15,639.00","905.00","-","JP3476480003","B601QS4","17.29","Japan","Tokyo Stock Exchange","USD","104.67","JPY"
"8053","SUMITOMO CORP","Industrials","Equity","15,526.85","0.45","15,526.85","1,085.00","S68589464","JP3404600003","6858946","14.31","Japan","Tokyo Stock Exchange","USD","104.67","JPY"
"6869","SYSMEX CORP","Health Care","Equity","15,345.22","0.45","15,345.22","136.00","S68838077","JP3351100007","6883807","113.12","Japan","Tokyo Stock Exchange","USD","104.67","JPY"
"7309","SHIMANO INC","Consumer Discretionary","Equity","15,192.48","0.44","15,192.48","60.00","S68048206","JP3358000002","6804820","251.99","Japan","Tokyo Stock Exchange","USD","104.67","JPY"
"4689","Z HOLDINGS CORP","Communication","Equity","14,898.69","0.43","14,898.69","2,350.00","S60848488","JP3933800009","6084848","6.34","Japan","Tokyo Stock Exchange","USD","104.67","JPY"
"4523","EISAI LTD","Health Care","Equity","14,738.73","0.43","14,738.73","196.00","S63072003","JP3160400002","6307200","75.22","Japan","Tokyo Stock Exchange","USD","104.67","JPY"
"6701","NEC CORP","Information Technology","Equity","14,584.96","0.42","14,584.96","241.00","S66404005","JP3733000008","6640400","60.48","Japan","Tokyo Stock Exchange","USD","104.67","JPY"
"6645","OMRON CORP","Information Technology","Equity","14,098.18","0.41","14,098.18","151.00","S66594284","JP3197800000","6659428","93.54","Japan","Tokyo Stock Exchange","USD","104.67","JPY"
"6762","TDK CORP","Information Technology","Equity","13,876.30","0.40","13,876.30","90.00","S68693027","JP3538800008","6869302","153.44","Japan","Tokyo Stock Exchange","USD","104.67","JPY"
"6201","TOYOTA INDUSTRIES CORP","Consumer Discretionary","Equity","13,781.35","0.40","13,781.35","151.00","S69005460","JP3634600005","6900546","91.43","Japan","Tokyo Stock Exchange","USD","104.67","JPY"
"8830","SUMITOMO REALTY & DEVELOPMENT LTD","Real Estate","Equity","13,508.90","0.39","13,508.90","392.00","S68589027","JP3409000001","6858902","34.47","Japan","Tokyo Stock Exchange","USD","104.67","JPY"
"4612","NIPPON PAINT HOLDINGS LTD","Materials","Equity","13,475.18","0.39","13,475.18","143.00","S66405077","JP3749400002","6640507","94.11","Japan","Tokyo Stock Exchange","USD","104.67","JPY"
"9843","NITORI HOLDINGS LTD","Consumer Discretionary","Equity","13,462.80","0.39","13,462.80","68.00","S66448002","JP3756100008","6644800","198.49","Japan","Tokyo Stock Exchange","USD","104.67","JPY"
"3407","ASAHI KASEI CORP","Materials","Equity","13,412.57","0.39","13,412.57","1,145.00","S60546033","JP3111200006","6054603","11.71","Japan","Tokyo Stock Exchange","USD","104.67","JPY"
"3659","NEXON LTD","Communication","Equity","13,346.52","0.39","13,346.52","422.00","-","JP3758190007","B63QM77","31.62","Japan","Tokyo Stock Exchange","USD","104.67","JPY"
"8725","MS&AD INSURANCE GROUP HOLDINGS INC","Financials","Equity","13,104.68","0.38","13,104.68","422.00","-","JP3890310000","B2Q4CS1","31.05","Japan","Tokyo Stock Exchange","USD","104.67","JPY"
"7832","BANDAI NAMCO HOLDINGS INC","Consumer Discretionary","Equity","12,756.20","0.37","12,756.20","151.00","-","JP3778630008","B0JDQD4","84.63","Japan","Tokyo Stock Exchange","USD","104.67","JPY"
"8630","SOMPO HOLDINGS INC","Financials","Equity","12,707.01","0.37","12,707.01","301.00","-","JP3165000005","B62G7K6","42.15","Japan","Tokyo Stock Exchange","USD","104.67","JPY"
"8002","MARUBENI CORP","Industrials","Equity","12,099.15","0.35","12,099.15","1,719.00","S65694648","JP3877600001","6569464","7.04","Japan","Tokyo Stock Exchange","USD","104.67","JPY"
"4507","SHIONOGI LTD","Health Care","Equity","12,039.98","0.35","12,039.98","211.00","S68046820","JP3347200002","6804682","57.06","Japan","Tokyo Stock Exchange","USD","104.67","JPY"
"1928","SEKISUI HOUSE LTD","Consumer Discretionary","Equity","11,995.60","0.35","11,995.60","603.00","S67939066","JP3420600003","6793906","19.90","Japan","Tokyo Stock Exchange","USD","104.67","JPY"
"4528","ONO PHARMACEUTICAL LTD","Health Care","Equity","11,783.00","0.34","11,783.00","392.00","S66601071","JP3197600004","6660107","30.07","Japan","Tokyo Stock Exchange","USD","104.67","JPY"
"8697","JAPAN EXCHANGE GROUP INC","Financials","Equity","11,439.68","0.33","11,439.68","482.00","S67438820","JP3183200009","6743882","23.72","Japan","Tokyo Stock Exchange","USD","104.67","JPY"
"4684","OBIC LTD","Information Technology","Equity","11,347.83","0.33","11,347.83","60.00","S61367496","JP3173400007","6136749","188.22","Japan","Tokyo Stock Exchange","USD","104.67","JPY"
"5401","NIPPON STEEL CORP","Materials","Equity","11,332.35","0.33","11,332.35","814.00","S66425695","JP3381000003","6642569","13.92","Japan","Tokyo Stock Exchange","USD","104.67","JPY"
"6988","NITTO DENKO CORP","Materials","Equity","11,209.54","0.33","11,209.54","121.00","S66418013","JP3684000007","6641801","92.96","Japan","Tokyo Stock Exchange","USD","104.67","JPY"
"5020","ENEOS HOLDINGS INC","Energy","Equity","10,954.97","0.32","10,954.97","2,621.00","-","JP3386450005","B627LW9","4.18","Japan","Tokyo Stock Exchange","USD","104.67","JPY"
"8309","SUMITOMO MITSUI TRUST HOLDINGS INC","Financials","Equity","10,950.84","0.32","10,950.84","332.00","S64318975","JP3892100003","6431897","33.01","Japan","Tokyo Stock Exchange","USD","104.67","JPY"
"6857","ADVANTEST CORP","Information Technology","Equity","10,784.00","0.31","10,784.00","128.00","S68704907","JP3122400009","6870490","84.17","Japan","Tokyo Stock Exchange","USD","104.67","JPY"
"4307","NOMURA RESEARCH INSTITUTE LTD","Information Technology","Equity","10,451.34","0.30","10,451.34","304.00","S63909212","JP3762800005","6390921","34.40","Japan","Tokyo Stock Exchange","USD","104.67","JPY"
"7270","SUBARU CORP","Consumer Discretionary","Equity","10,379.79","0.30","10,379.79","512.00","S63564066","JP3814800003","6356406","20.26","Japan","Tokyo Stock Exchange","USD","104.67","JPY"
"6920","LASERTEC CORP","Information Technology","Equity","10,365.34","0.30","10,365.34","79.00","S65062671","JP3979200007","6506267","130.99","Japan","Tokyo Stock Exchange","USD","104.67","JPY"
"9202","ANA HOLDINGS INC","Industrials","Equity","10,277.62","0.30","10,277.62","452.00","S60149085","JP3429800000","6014908","22.73","Japan","Tokyo Stock Exchange","USD","104.67","JPY"
"6506","YASKAWA ELECTRIC CORP","Industrials","Equity","10,022.71","0.29","10,022.71","181.00","S69860419","JP3932000007","6986041","55.41","Japan","Tokyo Stock Exchange","USD","104.67","JPY"
"5713","SUMITOMO METAL MINING LTD","Materials","Equity","9,852.42","0.29","9,852.42","211.00","S68588490","JP3402600005","6858849","46.69","Japan","Tokyo Stock Exchange","USD","104.67","JPY"
"6586","MAKITA CORP","Industrials","Equity","9,757.82","0.28","9,757.82","211.00","S65558058","JP3862400003","6555805","46.24","Japan","Tokyo Stock Exchange","USD","104.67","JPY"
"5802","SUMITOMO ELECTRIC INDUSTRIES LTD","Consumer Discretionary","Equity","9,716.54","0.28","9,716.54","633.00","S68587088","JP3407400005","6858708","15.35","Japan","Tokyo Stock Exchange","USD","104.67","JPY"
"2802","AJINOMOTO INC","Consumer Staples","Equity","9,386.98","0.27","9,386.98","422.00","S60109063","JP3119600009","6010906","22.24","Japan","Tokyo Stock Exchange","USD","104.67","JPY"
"9021","WEST JAPAN RAILWAY","Industrials","Equity","9,299.94","0.27","9,299.94","151.00","S69579951","JP3659000008","6957995","61.70","Japan","Tokyo Stock Exchange","USD","104.67","JPY"
"6383","DAIFUKU LTD","Industrials","Equity","9,271.05","0.27","9,271.05","90.00","S62500251","JP3497400006","6250025","102.52","Japan","Tokyo Stock Exchange","USD","104.67","JPY"
"6723","RENESAS ELECTRONICS CORP","Information Technology","Equity","8,928.41","0.26","8,928.41","753.00","S66356775","JP3164720009","6635677","11.85","Japan","Tokyo Stock Exchange","USD","104.67","JPY"
"7011","MITSUBISHI HEAVY INDUSTRIES LTD","Industrials","Equity","8,870.62","0.26","8,870.62","301.00","S65970675","JP3900000005","6597067","29.43","Japan","Tokyo Stock Exchange","USD","104.67","JPY"
"7532","PAN PACIFIC INTERNATIONAL HOLDINGS","Consumer Discretionary","Equity","8,771.55","0.25","8,771.55","362.00","S62698618","JP3639650005","6269861","24.25","Japan","Tokyo Stock Exchange","USD","104.67","JPY"
"4755","RAKUTEN INC","Consumer Discretionary","Equity","8,746.43","0.25","8,746.43","784.00","S62295977","JP3967200001","6229597","11.16","Japan","Tokyo Stock Exchange","USD","104.67","JPY"
"7701","SHIMADZU CORP","Information Technology","Equity","8,699.30","0.25","8,699.30","211.00","S68043694","JP3357200009","6804369","41.23","Japan","Tokyo Stock Exchange","USD","104.67","JPY"
"2801","KIKKOMAN CORP","Consumer Staples","Equity","8,502.19","0.25","8,502.19","121.00","S64908098","JP3240400006","6490809","70.51","Japan","Tokyo Stock Exchange","USD","104.67","JPY"
"9007","ODAKYU ELECTRIC RAILWAY LTD","Industrials","Equity","8,502.19","0.25","8,502.19","271.00","S66561069","JP3196000008","6656106","31.34","Japan","Tokyo Stock Exchange","USD","104.67","JPY"
"6479","MINEBEA MITSUMI INC","Industrials","Equity","8,443.02","0.25","8,443.02","332.00","S66424060","JP3906000009","6642406","25.46","Japan","Tokyo Stock Exchange","USD","104.67","JPY"
"3402","TORAY INDUSTRIES INC","Materials","Equity","8,440.61","0.25","8,440.61","1,236.00","S68971431","JP3621000003","6897143","6.83","Japan","Tokyo Stock Exchange","USD","104.67","JPY"
"5332","TOTO LTD","Industrials","Equity","8,352.20","0.24","8,352.20","121.00","S68974666","JP3596200000","6897466","69.27","Japan","Tokyo Stock Exchange","USD","104.67","JPY"
"9201","JAPAN AIRLINES LTD","Industrials","Equity","8,304.38","0.24","8,304.38","392.00","-","JP3705200008","B8BRV46","21.19","Japan","Tokyo Stock Exchange","USD","104.67","JPY"
"2269","MEIJI HOLDINGS LTD","Consumer Staples","Equity","8,283.05","0.24","8,283.05","121.00","-","JP3918000005","B60DQV3","68.70","Japan","Tokyo Stock Exchange","USD","104.67","JPY"
"4188","MITSUBISHI CHEMICAL CORP","Materials","Equity","8,169.87","0.24","8,169.87","1,146.00","-","JP3897700005","B0JQTJ0","7.13","Japan","Tokyo Stock Exchange","USD","104.67","JPY"
"2127","NIHON M&A CENTER INC","Industrials","Equity","8,009.57","0.23","8,009.57","136.00","-","JP3689050007","B1DN466","59.05","Japan","Tokyo Stock Exchange","USD","104.67","JPY"
"8015","TOYOTA TSUSHO CORP","Industrials","Equity","7,966.56","0.23","7,966.56","181.00","S69005809","JP3635000007","6900580","44.05","Japan","Tokyo Stock Exchange","USD","104.67","JPY"
"6965","HAMAMATSU PHOTONICS","Information Technology","Equity","7,753.28","0.23","7,753.28","121.00","S64058704","JP3771800004","6405870","64.30","Japan","Tokyo Stock Exchange","USD","104.67","JPY"
"JPY","JPY CASH","Cash and/or Derivatives","Cash","7,642.51","0.22","7,642.51","7,961.00","-","-","-","0.96","Japan","-","USD","104.67","JPY"
"6146","DISCO CORP","Information Technology","Equity","7,409.27","0.22","7,409.27","23.00","S62709480","JP3548600000","6270948","327.71","Japan","Tokyo Stock Exchange","USD","104.67","JPY"
"9042","HANKYU HANSHIN HOLDINGS INC","Industrials","Equity","7,348.72","0.21","7,348.72","211.00","S64086648","JP3774200004","6408664","34.83","Japan","Tokyo Stock Exchange","USD","104.67","JPY"
"9531","TOKYO GAS LTD","Utilities","Equity","7,334.28","0.21","7,334.28","332.00","S68954486","JP3573000001","6895448","22.12","Japan","Tokyo Stock Exchange","USD","104.67","JPY"
"9008","KEIO CORP","Industrials","Equity","7,327.05","0.21","7,327.05","90.00","S64873623","JP3277800003","6487362","81.02","Japan","Tokyo Stock Exchange","USD","104.67","JPY"
"8308","RESONA HOLDINGS INC","Financials","Equity","7,303.31","0.21","7,303.31","1,868.00","S64215536","JP3500610005","6421553","3.91","Japan","Tokyo Stock Exchange","USD","104.67","JPY"
"9613","NTT DATA CORP","Information Technology","Equity","7,213.53","0.21","7,213.53","445.00","S61256392","JP3165700000","6125639","16.22","Japan","Tokyo Stock Exchange","USD","104.67","JPY"
"9962","MISUMI GROUP INC","Industrials","Equity","7,207.34","0.21","7,207.34","211.00","S65951790","JP3885400006","6595179","34.16","Japan","Tokyo Stock Exchange","USD","104.67","JPY"
"7951","YAMAHA CORP","Consumer Discretionary","Equity","7,142.66","0.21","7,142.66","121.00","S66423872","JP3942600002","6642387","59.24","Japan","Tokyo Stock Exchange","USD","104.67","JPY"
"1878","DAITO TRUST CONSTRUCTION LTD","Real Estate","Equity","7,102.41","0.21","7,102.41","60.00","S62505086","JP3486800000","6250508","117.80","Japan","Tokyo Stock Exchange","USD","104.67","JPY"
"3064","MONOTARO LTD","Industrials","Equity","7,096.56","0.21","7,096.56","121.00","-","JP3922950005","B1GHR88","58.85","Japan","Tokyo Stock Exchange","USD","104.67","JPY"
"7276","KOITO MANUFACTURING LTD","Consumer Discretionary","Equity","7,092.44","0.21","7,092.44","94.00","S64963242","JP3284600008","6496324","75.29","Japan","Tokyo Stock Exchange","USD","104.67","JPY"
"9502","CHUBU ELECTRIC POWER INC","Utilities","Equity","7,014.35","0.20","7,014.35","542.00","S61956090","JP3526600006","6195609","12.93","Japan","Tokyo Stock Exchange","USD","104.67","JPY"
"4204","SEKISUI CHEMICAL LTD","Consumer Discretionary","Equity","6,991.64","0.20","6,991.64","362.00","S67938217","JP3419400001","6793821","19.33","Japan","Tokyo Stock Exchange","USD","104.67","JPY"
"9503","KANSAI ELECTRIC POWER INC","Utilities","Equity","6,887.41","0.20","6,887.41","663.00","S64834898","JP3228600007","6483489","10.39","Japan","Tokyo Stock Exchange","USD","104.67","JPY"
"8795","T&D HOLDINGS INC","Financials","Equity","6,879.15","0.20","6,879.15","513.00","S67442947","JP3539220008","6744294","13.42","Japan","Tokyo Stock Exchange","USD","104.67","JPY"
"4005","SUMITOMO CHEMICAL LTD","Materials","Equity","6,804.16","0.20","6,804.16","1,355.00","S68585603","JP3401400001","6858560","5.02","Japan","Tokyo Stock Exchange","USD","104.67","JPY"
"7747","ASAHI INTECC LTD","Health Care","Equity","6,763.91","0.20","6,763.91","211.00","-","JP3110650003","B019MQ5","32.05","Japan","Tokyo Stock Exchange","USD","104.67","JPY"
"9041","KINTETSU GROUP HOLDINGS LTD","Industrials","Equity","6,732.26","0.20","6,732.26","151.00","S64929680","JP3260800002","6492968","44.67","Japan","Tokyo Stock Exchange","USD","104.67","JPY"
"9064","YAMATO HOLDINGS LTD","Industrials","Equity","6,647.29","0.19","6,647.29","241.00","S69855658","JP3940000007","6985565","27.56","Japan","Tokyo Stock Exchange","USD","104.67","JPY"
"1801","TAISEI CORP","Industrials","Equity","6,601.19","0.19","6,601.19","181.00","S68701002","JP3443600006","6870100","36.50","Japan","Tokyo Stock Exchange","USD","104.67","JPY"
"8601","DAIWA SECURITIES GROUP INC","Financials","Equity","6,506.93","0.19","6,506.93","1,296.00","S62514484","JP3502200003","6251448","5.02","Japan","Tokyo Stock Exchange","USD","104.67","JPY"
"4324","DENTSU GROUP INC","Communication","Equity","6,462.90","0.19","6,462.90","181.00","S64162811","JP3551520004","6416281","35.73","Japan","Tokyo Stock Exchange","USD","104.67","JPY"
"9532","OSAKA GAS LTD","Utilities","Equity","6,364.86","0.18","6,364.86","332.00","S66617689","JP3180400008","6661768","19.19","Japan","Tokyo Stock Exchange","USD","104.67","JPY"
"9005","TOKYU CORP","Industrials","Equity","6,264.41","0.18","6,264.41","452.00","S68965482","JP3574200006","6896548","13.85","Japan","Tokyo Stock Exchange","USD","104.67","JPY"
"9697","CAPCOM LTD","Communication","Equity","6,212.46","0.18","6,212.46","90.00","S61736948","JP3218900003","6173694","68.70","Japan","Tokyo Stock Exchange","USD","104.67","JPY"
"8473","SBI HOLDINGS INC","Financials","Equity","6,149.16","0.18","6,149.16","211.00","S63094668","JP3436120004","6309466","29.14","Japan","Tokyo Stock Exchange","USD","104.67","JPY"
"2267","YAKULT HONSHA LTD","Consumer Staples","Equity","6,128.87","0.18","6,128.87","121.00","S69851129","JP3931600005","6985112","50.83","Japan","Tokyo Stock Exchange","USD","104.67","JPY"
"7272","YAMAHA MOTOR LTD","Consumer Discretionary","Equity","6,008.46","0.17","6,008.46","252.00","S69852648","JP3942800008","6985264","23.80","Japan","Tokyo Stock Exchange","USD","104.67","JPY"
"1605","INPEX CORP","Energy","Equity","5,963.40","0.17","5,963.40","874.00","-","JP3294460005","B10RB15","6.82","Japan","Tokyo Stock Exchange","USD","104.67","JPY"
"6465","HOSHIZAKI CORP","Industrials","Equity","5,933.13","0.17","5,933.13","60.00","-","JP3845770001","B3FF8W8","98.41","Japan","Tokyo Stock Exchange","USD","104.67","JPY"
"1812","KAJIMA CORP","Industrials","Equity","5,919.37","0.17","5,919.37","422.00","S64813207","JP3210200006","6481320","14.03","Japan","Tokyo Stock Exchange","USD","104.67","JPY"
"7453","RYOHIN KEIKAKU LTD","Consumer Discretionary","Equity","5,859.16","0.17","5,859.16","241.00","S67584557","JP3976300008","6758455","24.30","Japan","Tokyo Stock Exchange","USD","104.67","JPY"
"6845","AZBIL CORP","Information Technology","Equity","5,783.14","0.17","5,783.14","121.00","S69855435","JP3937200008","6985543","47.96","Japan","Tokyo Stock Exchange","USD","104.67","JPY"
"4185","JSR CORP","Materials","Equity","5,555.75","0.16","5,555.75","181.00","S64709868","JP3385980002","6470986","30.72","Japan","Tokyo Stock Exchange","USD","104.67","JPY"
"7202","ISUZU MOTORS LTD","Consumer Discretionary","Equity","5,532.70","0.16","5,532.70","512.00","S64671043","JP3137200006","6467104","10.80","Japan","Tokyo Stock Exchange","USD","104.67","JPY"
"4613","KANSAI PAINT LTD","Materials","Equity","5,529.95","0.16","5,529.95","181.00","S64837461","JP3229400001","6483746","30.57","Japan","Tokyo Stock Exchange","USD","104.67","JPY"
"9001","TOBU RAILWAY LTD","Industrials","Equity","5,434.66","0.16","5,434.66","181.00","S68951698","JP3597800006","6895169","30.05","Japan","Tokyo Stock Exchange","USD","104.67","JPY"
"4151","KYOWA KIRIN LTD","Health Care","Equity","5,365.51","0.16","5,365.51","181.00","S64995509","JP3256000005","6499550","29.67","Japan","Tokyo Stock Exchange","USD","104.67","JPY"
"7956","PIGEON CORP","Consumer Staples","Equity","5,293.61","0.15","5,293.61","121.00","S66880808","JP3801600002","6688080","43.90","Japan","Tokyo Stock Exchange","USD","104.67","JPY"
"3391","TSURUHA HOLDINGS INC","Consumer Staples","Equity","5,292.24","0.15","5,292.24","38.00","-","JP3536150000","B0MKZN5","140.45","Japan","Tokyo Stock Exchange","USD","104.67","JPY"
"5201","AGC INC","Industrials","Equity","5,277.79","0.15","5,277.79","151.00","S60552080","JP3112000009","6055208","35.02","Japan","Tokyo Stock Exchange","USD","104.67","JPY"
"5411","JFE HOLDINGS INC","Materials","Equity","5,253.36","0.15","5,253.36","514.00","S65437923","JP3386030005","6543792","10.23","Japan","Tokyo Stock Exchange","USD","104.67","JPY"
"4536","SANTEN PHARMACEUTICAL LTD","Health Care","Equity","5,239.95","0.15","5,239.95","332.00","S67766063","JP3336000009","6776606","15.80","Japan","Tokyo Stock Exchange","USD","104.67","JPY"
"3861","OJI HOLDINGS CORP","Materials","Equity","5,211.74","0.15","5,211.74","784.00","S66577016","JP3174410005","6657701","6.65","Japan","Tokyo Stock Exchange","USD","104.67","JPY"
"4967","KOBAYASHI PHARMACEUTICAL LTD","Consumer Staples","Equity","5,208.99","0.15","5,208.99","49.00","S61494571","JP3301100008","6149457","106.34","Japan","Tokyo Stock Exchange","USD","104.67","JPY"
"4021","NISSAN CHEMICAL CORP","Materials","Equity","5,201.42","0.15","5,201.42","90.00","S66415886","JP3670800006","6641588","57.52","Japan","Tokyo Stock Exchange","USD","104.67","JPY"
"4704","TREND MICRO INC","Information Technology","Equity","5,184.22","0.15","5,184.22","90.00","S61252862","JP3637300009","6125286","57.33","Japan","Tokyo Stock Exchange","USD","104.67","JPY"
"7259","AISIN SEIKI LTD","Consumer Discretionary","Equity","5,169.77","0.15","5,169.77","151.00","S60107026","JP3102000001","6010702","34.30","Japan","Tokyo Stock Exchange","USD","104.67","JPY"
"3769","GMO PAYMENT GATEWAY INC","Information Technology","Equity","5,122.64","0.15","5,122.64","34.00","-","JP3385890003","B06CMQ9","151.05","Japan","Tokyo Stock Exchange","USD","104.67","JPY"
"4922","KOSE CORP","Consumer Staples","Equity","5,120.92","0.15","5,120.92","30.00","S61944682","JP3283650004","6194468","169.88","Japan","Tokyo Stock Exchange","USD","104.67","JPY"
"2897","NISSIN FOODS HOLDINGS LTD","Consumer Staples","Equity","4,982.63","0.14","4,982.63","60.00","S66417601","JP3675600005","6641760","82.64","Japan","Tokyo Stock Exchange","USD","104.67","JPY"
"9602","TOHO (TOKYO) LTD","Communication","Equity","4,970.93","0.14","4,970.93","121.00","S68952001","JP3598600009","6895200","41.23","Japan","Tokyo Stock Exchange","USD","104.67","JPY"
"9048","NAGOYA RAILROAD LTD","Industrials","Equity","4,885.27","0.14","4,885.27","181.00","629744103","JP3649800004","6619864","27.01","Japan","Tokyo Stock Exchange","USD","104.67","JPY"
"9684","SQUARE ENIX HLDG LTD","Communication","Equity","4,877.02","0.14","4,877.02","72.00","S63092621","JP3164630000","6309262","68.12","Japan","Tokyo Stock Exchange","USD","104.67","JPY"
"4183","MITSUI CHEMICALS INC","Materials","Equity","4,874.61","0.14","4,874.61","151.00","S65973687","JP3888300005","6597368","32.34","Japan","Tokyo Stock Exchange","USD","104.67","JPY"
"4042","TOSOH CORP","Materials","Equity","4,852.25","0.14","4,852.25","271.00","S69002897","JP3595200001","6900289","17.89","Japan","Tokyo Stock Exchange","USD","104.67","JPY"
"6448","BROTHER INDUSTRIES LTD","Information Technology","Equity","4,822.32","0.14","4,822.32","211.00","114813108","JP3830000000","6146500","22.85","Japan","Tokyo Stock Exchange","USD","104.67","JPY"
"4912","LION CORP","Consumer Staples","Equity","4,757.99","0.14","4,757.99","211.00","S65188088","JP3965400009","6518808","22.55","Japan","Tokyo Stock Exchange","USD","104.67","JPY"
"1802","OBAYASHI CORP","Industrials","Equity","4,738.38","0.14","4,738.38","543.00","S66564071","JP3190000004","6656407","8.73","Japan","Tokyo Stock Exchange","USD","104.67","JPY"
"3436","SUMCO CORP","Information Technology","Equity","4,723.59","0.14","4,723.59","211.00","-","JP3322930003","B0M0C89","22.39","Japan","Tokyo Stock Exchange","USD","104.67","JPY"
"6976","TAIYO YUDEN LTD","Information Technology","Equity","4,700.20","0.14","4,700.20","90.00","S68705649","JP3452000007","6870564","51.98","Japan","Tokyo Stock Exchange","USD","104.67","JPY"
"6753","SHARP CORP","Consumer Discretionary","Equity","4,693.32","0.14","4,693.32","211.00","S68006022","JP3359600008","6800602","22.24","Japan","Tokyo Stock Exchange","USD","104.67","JPY"
"7261","MAZDA MOTOR CORP","Consumer Discretionary","Equity","4,665.80","0.14","4,665.80","543.00","S69003085","JP3868400007","6900308","8.60","Japan","Tokyo Stock Exchange","USD","104.67","JPY"
"5019","IDEMITSU KOSAN LTD","Energy","Equity","4,633.12","0.13","4,633.12","181.00","-","JP3142500002","B1FF8P7","25.62","Japan","Tokyo Stock Exchange","USD","104.67","JPY"
"4768","OTSUKA CORP","Information Technology","Equity","4,631.40","0.13","4,631.40","90.00","S62670583","JP3188200004","6267058","51.21","Japan","Tokyo Stock Exchange","USD","104.67","JPY"
"9009","KEISEI ELECTRIC RAILWAY LTD","Industrials","Equity","4,608.35","0.13","4,608.35","121.00","S64874258","JP3278600006","6487425","38.22","Japan","Tokyo Stock Exchange","USD","104.67","JPY"
"4516","NIPPON SHINYAKU LTD","Health Care","Equity","4,498.61","0.13","4,498.61","60.00","S66405630","JP3717600005","6640563","74.62","Japan","Tokyo Stock Exchange","USD","104.67","JPY"
"6268","NABTESCO CORP","Industrials","Equity","4,449.76","0.13","4,449.76","90.00","S66875717","JP3651210001","6687571","49.20","Japan","Tokyo Stock Exchange","USD","104.67","JPY"
"9045","KEIHAN HOLDINGS LTD","Industrials","Equity","4,406.41","0.13","4,406.41","90.00","S64872328","JP3279400000","6487232","48.73","Japan","Tokyo Stock Exchange","USD","104.67","JPY"
"4182","MITSUBISHI GAS CHEMICAL INC","Materials","Equity","4,390.93","0.13","4,390.93","181.00","S65969230","JP3896800004","6596923","24.28","Japan","Tokyo Stock Exchange","USD","104.67","JPY"
"2587","SUNTORY BEVERAGE & FOOD LTD","Consumer Staples","Equity","4,389.21","0.13","4,389.21","121.00","-","JP3336560002","BBD7Q84","36.40","Japan","Tokyo Stock Exchange","USD","104.67","JPY"
"9062","NIPPON EXPRESS LTD","Industrials","Equity","4,360.66","0.13","4,360.66","60.00","S66421272","JP3729400006","6642127","72.33","Japan","Tokyo Stock Exchange","USD","104.67","JPY"
"6724","SEIKO EPSON CORP","Information Technology","Equity","4,267.09","0.12","4,267.09","241.00","S66165085","JP3414750004","6616508","17.69","Japan","Tokyo Stock Exchange","USD","104.67","JPY"
"9766","KONAMI HOLDINGS CORP","Communication","Equity","4,256.77","0.12","4,256.77","60.00","S64966815","JP3300200007","6496681","70.61","Japan","Tokyo Stock Exchange","USD","104.67","JPY"
"3003","HULIC LTD","Real Estate","Equity","4,247.48","0.12","4,247.48","362.00","S68053172","JP3360800001","6805317","11.74","Japan","Tokyo Stock Exchange","USD","104.67","JPY"
"6481","THK LTD","Industrials","Equity","4,245.42","0.12","4,245.42","121.00","S68691310","JP3539250005","6869131","35.21","Japan","Tokyo Stock Exchange","USD","104.67","JPY"
"6923","STANLEY ELECTRIC LTD","Consumer Discretionary","Equity","4,193.47","0.12","4,193.47","121.00","S68411065","JP3399400005","6841106","34.78","Japan","Tokyo Stock Exchange","USD","104.67","JPY"
"3626","TIS INC","Information Technology","Equity","4,105.75","0.12","4,105.75","181.00","-","JP3104890003","B2Q4CR0","22.70","Japan","Tokyo Stock Exchange","USD","104.67","JPY"
"1803","SHIMIZU CORP","Industrials","Equity","4,074.79","0.12","4,074.79","543.00","S68044007","JP3358800005","6804400","7.51","Japan","Tokyo Stock Exchange","USD","104.67","JPY"
"2371","KAKAKU.COM INC","Communication","Equity","4,072.38","0.12","4,072.38","121.00","S66895335","JP3206000006","6689533","33.77","Japan","Tokyo Stock Exchange","USD","104.67","JPY"
"2875","TOYO SUISAN LTD","Consumer Staples","Equity","4,069.63","0.12","4,069.63","90.00","892306101","JP3613000003","6899967","45.00","Japan","Tokyo Stock Exchange","USD","104.67","JPY"
"7186","CONCORDIA FINANCIAL GROUP LTD","Financials","Equity","4,011.83","0.12","4,011.83","1,056.00","-","JP3305990008","BD97JW7","3.80","Japan","Tokyo Stock Exchange","USD","104.67","JPY"
"3092","ZOZO INC","Consumer Discretionary","Equity","3,974.68","0.12","3,974.68","121.00","-","JP3399310006","B292RC1","32.96","Japan","Tokyo Stock Exchange","USD","104.67","JPY"
"6841","YOKOGAWA ELECTRIC CORP","Information Technology","Equity","3,967.80","0.12","3,967.80","181.00","S69864270","JP3955000009","6986427","21.94","Japan","Tokyo Stock Exchange","USD","104.67","JPY"
"2433","HAKUHODO DY HOLDINGS INC","Communication","Equity","3,956.11","0.11","3,956.11","241.00","-","JP3766550002","B05LZ02","16.40","Japan","Tokyo Stock Exchange","USD","104.67","JPY"
"7459","MEDIPAL HOLDINGS CORP","Health Care","Equity","3,924.46","0.11","3,924.46","181.00","S67820902","JP3268950007","6782090","21.70","Japan","Tokyo Stock Exchange","USD","104.67","JPY"
"2784","ALFRESA HOLDINGS CORP","Health Care","Equity","3,908.98","0.11","3,908.98","181.00","S66872144","JP3126340003","6687214","21.61","Japan","Tokyo Stock Exchange","USD","104.67","JPY"
"5333","NGK INSULATORS LTD","Industrials","Equity","3,905.19","0.11","3,905.19","211.00","S66195074","JP3695200000","6619507","18.51","Japan","Tokyo Stock Exchange","USD","104.67","JPY"
"9435","HIKARI TSUSHIN INC","Consumer Discretionary","Equity","3,879.05","0.11","3,879.05","19.00","S64163223","JP3783420007","6416322","205.89","Japan","Tokyo Stock Exchange","USD","104.67","JPY"
"2593","ITO EN LTD","Consumer Staples","Equity","3,836.39","0.11","3,836.39","60.00","S64557895","JP3143000002","6455789","63.63","Japan","Tokyo Stock Exchange","USD","104.67","JPY"
"9506","TOHOKU ELECTRIC POWER INC","Utilities","Equity","3,834.67","0.11","3,834.67","422.00","S68952662","JP3605400005","6895266","9.09","Japan","Tokyo Stock Exchange","USD","104.67","JPY"
"2181","PERSOL HOLDINGS LTD","Industrials","Equity","3,805.09","0.11","3,805.09","181.00","-","JP3547670004","B3CY709","21.04","Japan","Tokyo Stock Exchange","USD","104.67","JPY"
"3563","SUSHIRO GLOBAL HOLDINGS LTD","Consumer Discretionary","Equity","3,801.65","0.11","3,801.65","90.00","-","JP3397150008","BF1HPT8","42.04","Japan","Tokyo Stock Exchange","USD","104.67","JPY"
"6504","FUJI ELECTRIC LTD","Industrials","Equity","3,793.04","0.11","3,793.04","90.00","S63563654","JP3820000002","6356365","41.94","Japan","Tokyo Stock Exchange","USD","104.67","JPY"
"9142","KYUSHU RAILWAY","Industrials","Equity","3,764.15","0.11","3,764.15","151.00","-","JP3247010006","BD2BST6","24.97","Japan","Tokyo Stock Exchange","USD","104.67","JPY"
"4716","ORACLE JAPAN CORP","Information Technology","Equity","3,623.10","0.11","3,623.10","30.00","S61416806","JP3689500001","6141680","120.19","Japan","Tokyo Stock Exchange","USD","104.67","JPY"
"9508","KYUSHU ELECTRIC POWER INC","Utilities","Equity","3,609.34","0.10","3,609.34","392.00","S64998065","JP3246400000","6499806","9.21","Japan","Tokyo Stock Exchange","USD","104.67","JPY"
"6471","NSK LTD","Industrials","Equity","3,601.43","0.10","3,601.43","362.00","S66415449","JP3720800006","6641544","9.96","Japan","Tokyo Stock Exchange","USD","104.67","JPY"
"4732","USS LTD","Consumer Discretionary","Equity","3,594.55","0.10","3,594.55","181.00","S61714945","JP3944130008","6171494","19.87","Japan","Tokyo Stock Exchange","USD","104.67","JPY"
"3291","IIDA GROUP HOLDINGS LTD","Consumer Discretionary","Equity","3,545.36","0.10","3,545.36","151.00","-","JP3131090007","BFDTBS3","23.52","Japan","Tokyo Stock Exchange","USD","104.67","JPY"
"8331","CHIBA BANK LTD","Financials","Equity","3,513.02","0.10","3,513.02","573.00","S61905634","JP3511800009","6190563","6.13","Japan","Tokyo Stock Exchange","USD","104.67","JPY"
"6005","MIURA LTD","Industrials","Equity","3,479.31","0.10","3,479.31","60.00","S65977779","JP3880800002","6597777","57.71","Japan","Tokyo Stock Exchange","USD","104.67","JPY"
"3038","KOBE BUSSAN LTD","Consumer Staples","Equity","3,380.23","0.10","3,380.23","121.00","-","JP3291200008","B14RJB7","28.03","Japan","Tokyo Stock Exchange","USD","104.67","JPY"
"2702","MCDONALDS HOLDINGS (JAPAN) LTD","Consumer Discretionary","Equity","3,350.31","0.10","3,350.31","68.00","S63718639","JP3750500005","6371863","49.40","Japan","Tokyo Stock Exchange","USD","104.67","JPY"
"6113","AMADA LTD","Industrials","Equity","3,291.82","0.10","3,291.82","271.00","S60221058","JP3122800000","6022105","12.13","Japan","Tokyo Stock Exchange","USD","104.67","JPY"
"1911","SUMITOMO FORESTRY LTD","Consumer Discretionary","Equity","3,281.85","0.10","3,281.85","151.00","S68588615","JP3409800004","6858861","21.77","Japan","Tokyo Stock Exchange","USD","104.67","JPY"
"3405","KURARAY LTD","Materials","Equity","3,273.94","0.10","3,273.94","271.00","S64976624","JP3269600007","6497662","12.07","Japan","Tokyo Stock Exchange","USD","104.67","JPY"
"4403","NOF CORP","Materials","Equity","3,225.77","0.09","3,225.77","60.00","S66404880","JP3753400005","6640488","53.50","Japan","Tokyo Stock Exchange","USD","104.67","JPY"
"5947","RINNAI CORP","Consumer Discretionary","Equity","3,214.08","0.09","3,214.08","30.00","S67405829","JP3977400005","6740582","106.63","Japan","Tokyo Stock Exchange","USD","104.67","JPY"
"3289","TOKYU FUDOSAN HOLDINGS CORP","Real Estate","Equity","3,138.05","0.09","3,138.05","482.00","-","JP3569200003","BDC6LT2","6.51","Japan","Tokyo Stock Exchange","USD","104.67","JPY"
"3141","WELCIA HOLDINGS LTD","Consumer Staples","Equity","3,136.33","0.09","3,136.33","90.00","-","JP3274280001","B3CF1G6","34.68","Japan","Tokyo Stock Exchange","USD","104.67","JPY"
"9706","JAPAN AIRPORT TERMINAL LTD","Industrials","Equity","3,127.73","0.09","3,127.73","60.00","S64721756","JP3699400002","6472175","51.88","Japan","Tokyo Stock Exchange","USD","104.67","JPY"
"2651","LAWSON INC","Consumer Staples","Equity","3,087.48","0.09","3,087.48","60.00","S62669148","JP3982100004","6266914","51.21","Japan","Tokyo Stock Exchange","USD","104.67","JPY"
"4739","ITOCHU TECHNO-SOLUTIONS CORP","Information Technology","Equity","3,071.66","0.09","3,071.66","90.00","S62001946","JP3143900003","6200194","33.97","Japan","Tokyo Stock Exchange","USD","104.67","JPY"
"9504","CHUGOKU ELECTRIC POWER INC","Utilities","Equity","3,053.08","0.09","3,053.08","241.00","S61959003","JP3522200009","6195900","12.66","Japan","Tokyo Stock Exchange","USD","104.67","JPY"
"4004","SHOWA DENKO","Materials","Equity","3,050.67","0.09","3,050.67","121.00","S68054691","JP3368000000","6805469","25.30","Japan","Tokyo Stock Exchange","USD","104.67","JPY"
"4088","AIR WATER INC","Materials","Equity","3,022.46","0.09","3,022.46","181.00","S64414659","JP3160670000","6441465","16.71","Japan","Tokyo Stock Exchange","USD","104.67","JPY"
"5233","TAIHEIYO CEMENT CORP","Materials","Equity","3,009.05","0.09","3,009.05","121.00","S66602046","JP3449020001","6660204","24.96","Japan","Tokyo Stock Exchange","USD","104.67","JPY"
"2331","SOHGO SECURITY SERVICES LTD","Industrials","Equity","3,006.98","0.09","3,006.98","60.00","S65463598","JP3431900004","6546359","49.87","Japan","Tokyo Stock Exchange","USD","104.67","JPY"
"4091","NIPPON SANSO HOLDINGS CORP","Materials","Equity","2,978.09","0.09","2,978.09","151.00","S66405416","JP3711600001","6640541","19.76","Japan","Tokyo Stock Exchange","USD","104.67","JPY"
"4530","HISAMITSU PHARMACEUTICAL INC","Health Care","Equity","2,946.44","0.09","2,946.44","45.00","S64289077","JP3784600003","6428907","65.16","Japan","Tokyo Stock Exchange","USD","104.67","JPY"
"6754","ANRITSU CORP","Information Technology","Equity","2,942.31","0.09","2,942.31","121.00","S60441094","JP3128800004","6044109","24.40","Japan","Tokyo Stock Exchange","USD","104.67","JPY"
"1721","COMSYS HOLDINGS CORP","Industrials","Equity","2,916.17","0.08","2,916.17","90.00","S66872474","JP3305530002","6687247","32.25","Japan","Tokyo Stock Exchange","USD","104.67","JPY"
"3197","SKYLARK HOLDINGS LTD","Consumer Discretionary","Equity","2,915.13","0.08","2,915.13","181.00","-","JP3396210001","BQQD167","16.12","Japan","Tokyo Stock Exchange","USD","104.67","JPY"
"8354","FUKUOKA FINANCIAL GROUP INC","Financials","Equity","2,906.19","0.08","2,906.19","151.00","-","JP3805010000","B1TK1Y8","19.28","Japan","Tokyo Stock Exchange","USD","104.67","JPY"
"8252","MARUI GROUP LTD","Consumer Discretionary","Equity","2,883.14","0.08","2,883.14","151.00","S65695272","JP3870400003","6569527","19.13","Japan","Tokyo Stock Exchange","USD","104.67","JPY"
"7164","ZENKOKU HOSHO LTD","Financials","Equity","2,874.20","0.08","2,874.20","60.00","-","JP3429250008","B92MT10","47.68","Japan","Tokyo Stock Exchange","USD","104.67","JPY"
"4527","ROHTO PHARMACEUTICAL LTD","Consumer Staples","Equity","2,847.02","0.08","2,847.02","90.00","S67473678","JP3982400008","6747367","31.48","Japan","Tokyo Stock Exchange","USD","104.67","JPY"
"6952","CASIO COMPUTER LTD","Consumer Discretionary","Equity","2,845.64","0.08","2,845.64","151.00","S61789673","JP3209000003","6178967","18.88","Japan","Tokyo Stock Exchange","USD","104.67","JPY"
"5301","TOKAI CARBON LTD","Materials","Equity","2,804.71","0.08","2,804.71","181.00","S68940030","JP3560800009","6894003","15.51","Japan","Tokyo Stock Exchange","USD","104.67","JPY"
"2809","KEWPIE CORP","Consumer Staples","Equity","2,796.11","0.08","2,796.11","121.00","S67145094","JP3244800003","6714509","23.19","Japan","Tokyo Stock Exchange","USD","104.67","JPY"
"9024","SEIBU HOLDINGS INC","Industrials","Equity","2,734.87","0.08","2,734.87","241.00","-","JP3417200007","BKY6H35","11.34","Japan","Tokyo Stock Exchange","USD","104.67","JPY"
"3401","TEIJIN LTD","Materials","Equity","2,734.53","0.08","2,734.53","151.00","879063105","JP3544000007","6880507","18.14","Japan","Tokyo Stock Exchange","USD","104.67","JPY"
"2282","NH FOODS LTD","Consumer Staples","Equity","2,698.75","0.08","2,698.75","60.00","S66407677","JP3743000006","6640767","44.76","Japan","Tokyo Stock Exchange","USD","104.67","JPY"
"8804","TOKYO TATEMONO LTD","Real Estate","Equity","2,693.94","0.08","2,693.94","181.00","S68954262","JP3582600007","6895426","14.90","Japan","Tokyo Stock Exchange","USD","104.67","JPY"
"3088","MATSUMOTOKIYOSHI HOLDINGS LTD","Consumer Staples","Equity","2,687.06","0.08","2,687.06","60.00","-","JP3869010003","B249GC0","44.57","Japan","Tokyo Stock Exchange","USD","104.67","JPY"
"6305","HITACHI CONSTRUCTION MACHINERY LTD","Industrials","Equity","2,674.33","0.08","2,674.33","90.00","S64294051","JP3787000003","6429405","29.57","Japan","Tokyo Stock Exchange","USD","104.67","JPY"
"2229","CALBEE INC","Consumer Staples","Equity","2,669.86","0.08","2,669.86","90.00","-","JP3220580009","B3TBRZ8","29.52","Japan","Tokyo Stock Exchange","USD","104.67","JPY"
"6302","SUMITOMO HEAVY INDUSTRIES LTD","Industrials","Equity","2,600.71","0.08","2,600.71","90.00","S68587310","JP3405400007","6858731","28.76","Japan","Tokyo Stock Exchange","USD","104.67","JPY"
"3288","OPEN HOUSE LTD","Consumer Discretionary","Equity","2,594.86","0.08","2,594.86","60.00","-","JP3173540000","BD3D170","43.04","Japan","Tokyo Stock Exchange","USD","104.67","JPY"
"9989","SUNDRUG LTD","Consumer Staples","Equity","2,537.41","0.07","2,537.41","60.00","S68178953","JP3336600006","6817895","42.09","Japan","Tokyo Stock Exchange","USD","104.67","JPY"
"7564","WORKMAN LTD","Consumer Discretionary","Equity","2,522.96","0.07","2,522.96","30.00","S60531944","JP3990100004","6053194","83.70","Japan","Tokyo Stock Exchange","USD","104.67","JPY"
"2871","NICHIREI CORP","Consumer Staples","Equity","2,520.56","0.07","2,520.56","90.00","S66408642","JP3665200006","6640864","27.87","Japan","Tokyo Stock Exchange","USD","104.67","JPY"
"9513","ELECTRIC POWER DEVELOPMENT LTD","Utilities","Equity","2,514.36","0.07","2,514.36","151.00","-","JP3551200003","B02Q328","16.68","Japan","Tokyo Stock Exchange","USD","104.67","JPY"
"9065","SANKYU INC","Industrials","Equity","2,502.67","0.07","2,502.67","60.00","S67753806","JP3326000001","6775380","41.51","Japan","Tokyo Stock Exchange","USD","104.67","JPY"
"1951","KYOWA EXE CORP","Industrials","Equity","2,489.25","0.07","2,489.25","90.00","S64994205","JP3254200003","6499420","27.53","Japan","Tokyo Stock Exchange","USD","104.67","JPY"
"7550","ZENSHO HOLDINGS LTD","Consumer Discretionary","Equity","2,466.89","0.07","2,466.89","90.00","S60426087","JP3429300001","6042608","27.28","Japan","Tokyo Stock Exchange","USD","104.67","JPY"
"4061","DENKA CO LTD","Materials","Equity","2,442.47","0.07","2,442.47","60.00","S63098206","JP3549600009","6309820","40.51","Japan","Tokyo Stock Exchange","USD","104.67","JPY"
"2768","SOJITZ CORP","Industrials","Equity","2,433.18","0.07","2,433.18","966.00","S65941437","JP3663900003","6594143","2.52","Japan","Tokyo Stock Exchange","USD","104.67","JPY"
"7735","SCREEN HOLDINGS LTD","Information Technology","Equity","2,413.57","0.07","2,413.57","30.00","S62510284","JP3494600004","6251028","80.06","Japan","Tokyo Stock Exchange","USD","104.67","JPY"
"3349","COSMOS PHARMACEUTICAL CORP","Consumer Staples","Equity","2,384.67","0.07","2,384.67","15.00","-","JP3298400007","B036QP1","158.22","Japan","Tokyo Stock Exchange","USD","104.67","JPY"
"6134","FUJI CORP","Industrials","Equity","2,370.91","0.07","2,370.91","90.00","S63565923","JP3809200003","6356592","26.22","Japan","Tokyo Stock Exchange","USD","104.67","JPY"
"8439","TOKYO CENTURY CORP","Financials","Equity","2,350.27","0.07","2,350.27","30.00","S66797945","JP3424950008","6679794","77.96","Japan","Tokyo Stock Exchange","USD","104.67","JPY"
"1808","HASEKO CORP","Consumer Discretionary","Equity","2,320.69","0.07","2,320.69","181.00","S64144017","JP3768600003","6414401","12.83","Japan","Tokyo Stock Exchange","USD","104.67","JPY"
"7731","NIKON CORP","Consumer Discretionary","Equity","2,309.68","0.07","2,309.68","271.00","654111103","JP3657400002","6642321","8.51","Japan","Tokyo Stock Exchange","USD","104.67","JPY"
"9044","NANKAI ELECTRIC RAILWAY LTD","Industrials","Equity","2,308.65","0.07","2,308.65","90.00","S66214727","JP3653000004","6621472","25.53","Japan","Tokyo Stock Exchange","USD","104.67","JPY"
"4921","FANCL CORP","Consumer Staples","Equity","2,295.57","0.07","2,295.57","60.00","S61312617","JP3802670004","6131261","38.07","Japan","Tokyo Stock Exchange","USD","104.67","JPY"
"7013","IHI CORP","Industrials","Equity","2,275.28","0.07","2,275.28","121.00","S64669856","JP3134800006","6466985","18.87","Japan","Tokyo Stock Exchange","USD","104.67","JPY"
"5334","NGK SPARK PLUG LTD","Consumer Discretionary","Equity","2,261.52","0.07","2,261.52","121.00","S66196049","JP3738600000","6619604","18.76","Japan","Tokyo Stock Exchange","USD","104.67","JPY"
"6028","TECHNOPRO HOLDINGS INC","Industrials","Equity","2,260.83","0.07","2,260.83","30.00","-","JP3545240008","BSM8SQ9","75.00","Japan","Tokyo Stock Exchange","USD","104.67","JPY"
"2175","SMS LTD","Industrials","Equity","2,252.23","0.07","2,252.23","60.00","-","JP3162350007","B2PLYM1","37.36","Japan","Tokyo Stock Exchange","USD","104.67","JPY"
"7988","NIFCO INC","Consumer Discretionary","Equity","2,246.38","0.07","2,246.38","60.00","654101104","JP3756200006","6639163","37.26","Japan","Tokyo Stock Exchange","USD","104.67","JPY"
"9003","SOTETSU HOLDINGS INC","Industrials","Equity","2,233.65","0.06","2,233.65","90.00","S67672022","JP3316400005","6767202","24.70","Japan","Tokyo Stock Exchange","USD","104.67","JPY"
"8111","GOLDWIN INC","Consumer Discretionary","Equity","2,220.58","0.06","2,220.58","30.00","S63761696","JP3306600002","6376169","73.66","Japan","Tokyo Stock Exchange","USD","104.67","JPY"
"4206","AICA KOGYO LTD","Industrials","Equity","2,217.83","0.06","2,217.83","60.00","S60100476","JP3100800006","6010047","36.78","Japan","Tokyo Stock Exchange","USD","104.67","JPY"
"4686","JUSTSYSTEMS CORP","Information Technology","Equity","2,191.68","0.06","2,191.68","30.00","S60797925","JP3388450003","6079792","72.71","Japan","Tokyo Stock Exchange","USD","104.67","JPY"
"8876","RELO GROUP INC","Real Estate","Equity","2,173.11","0.06","2,173.11","90.00","S61739066","JP3755200007","6173906","24.03","Japan","Tokyo Stock Exchange","USD","104.67","JPY"
"8282","KS HOLDINGS CORP","Consumer Discretionary","Equity","2,160.03","0.06","2,160.03","151.00","S64842776","JP3277150003","6484277","14.33","Japan","Tokyo Stock Exchange","USD","104.67","JPY"
"7649","SUGI HOLDINGS LTD","Consumer Staples","Equity","2,154.19","0.06","2,154.19","30.00","S62590112","JP3397060009","6259011","71.47","Japan","Tokyo Stock Exchange","USD","104.67","JPY"
"8424","FUYO GENERAL LEASE LTD","Financials","Equity","2,148.68","0.06","2,148.68","30.00","-","JP3826270005","B03P2F0","71.28","Japan","Tokyo Stock Exchange","USD","104.67","JPY"
"6770","ALPS ALPINE LTD","Information Technology","Equity","2,144.21","0.06","2,144.21","151.00","S60215001","JP3126400005","6021500","14.23","Japan","Tokyo Stock Exchange","USD","104.67","JPY"
"9627","AIN HOLDINGS INC","Consumer Staples","Equity","2,134.23","0.06","2,134.23","30.00","S62491204","JP3105250009","6249120","70.80","Japan","Tokyo Stock Exchange","USD","104.67","JPY"
"3231","NOMURA REAL ESTATE HOLDINGS INC","Real Estate","Equity","2,119.44","0.06","2,119.44","90.00","-","JP3762900003","B1CWJM5","23.44","Japan","Tokyo Stock Exchange","USD","104.67","JPY"
"8593","MITSUBISHI UFJ LEASE & FINANCE LTD","Financials","Equity","2,119.10","0.06","2,119.10","392.00","S62689765","JP3499800005","6268976","5.41","Japan","Tokyo Stock Exchange","USD","104.67","JPY"
"8056","NIHON UNISYS LTD","Information Technology","Equity","2,090.89","0.06","2,090.89","60.00","S66426883","JP3754200008","6642688","34.68","Japan","Tokyo Stock Exchange","USD","104.67","JPY"
"3086","J.FRONT RETAILING LTD","Consumer Discretionary","Equity","2,052.36","0.06","2,052.36","211.00","-","JP3386380004","B23TC12","9.73","Japan","Tokyo Stock Exchange","USD","104.67","JPY"
"6856","HORIBA LTD","Information Technology","Equity","2,050.64","0.06","2,050.64","30.00","S64379472","JP3853000002","6437947","68.03","Japan","Tokyo Stock Exchange","USD","104.67","JPY"
"8088","IWATANI CORP","Energy","Equity","2,047.89","0.06","2,047.89","34.00","S64682040","JP3151600008","6468204","60.38","Japan","Tokyo Stock Exchange","USD","104.67","JPY"
"6141","DMG MORI LTD","Industrials","Equity","2,043.76","0.06","2,043.76","121.00","S66025636","JP3924800000","6602563","16.95","Japan","Tokyo Stock Exchange","USD","104.67","JPY"
"2815","ARIAKE JAPAN LTD","Consumer Staples","Equity","2,021.74","0.06","2,021.74","30.00","S60496320","JP3125800007","6049632","67.07","Japan","Tokyo Stock Exchange","USD","104.67","JPY"
"4506","DAINIPPON SUMITOMO PHARMA LTD","Health Care","Equity","2,016.24","0.06","2,016.24","121.00","S62508650","JP3495000006","6250865","16.72","Japan","Tokyo Stock Exchange","USD","104.67","JPY"
"6532","BAYCURRENT CONSULTING INC","Industrials","Equity","2,015.21","0.06","2,015.21","11.00","-","JP3835250006","BYP20B9","178.28","Japan","Tokyo Stock Exchange","USD","104.67","JPY"
"2811","KAGOME LTD","Consumer Staples","Equity","2,013.14","0.06","2,013.14","60.00","S64807704","JP3208200000","6480770","33.39","Japan","Tokyo Stock Exchange","USD","104.67","JPY"
"4666","PARK24 LTD","Industrials","Equity","2,009.70","0.06","2,009.70","90.00","S66677337","JP3780100008","6667733","22.22","Japan","Tokyo Stock Exchange","USD","104.67","JPY"
"8279","YAOKO LTD","Consumer Staples","Equity","2,004.54","0.06","2,004.54","30.00","S69858991","JP3930200005","6985899","66.50","Japan","Tokyo Stock Exchange","USD","104.67","JPY"
"7205","HINO MOTORS LTD","Industrials","Equity","1,989.75","0.06","1,989.75","211.00","433406105","JP3792600003","6428305","9.43","Japan","Tokyo Stock Exchange","USD","104.67","JPY"
"8303","SHINSEI BANK LTD","Financials","Equity","1,959.82","0.06","1,959.82","151.00","S67309369","JP3729000004","6730936","13.00","Japan","Tokyo Stock Exchange","USD","104.67","JPY"
"2222","KOTOBUKI SPIRITS LTD","Consumer Staples","Equity","1,952.60","0.06","1,952.60","30.00","S64894652","JP3299600001","6489465","64.78","Japan","Tokyo Stock Exchange","USD","104.67","JPY"
"5929","SANWA HOLDINGS CORP","Industrials","Equity","1,926.80","0.06","1,926.80","151.00","S67767814","JP3344400001","6776781","12.78","Japan","Tokyo Stock Exchange","USD","104.67","JPY"
"1893","PENTA-OCEAN CONSTRUCTION LTD","Industrials","Equity","1,905.47","0.06","1,905.47","241.00","S66808049","JP3309000002","6680804","7.90","Japan","Tokyo Stock Exchange","USD","104.67","JPY"
"9719","SCSK CORP","Information Technology","Equity","1,903.75","0.06","1,903.75","30.00","S68584747","JP3400400002","6858474","63.15","Japan","Tokyo Stock Exchange","USD","104.67","JPY"
"8304","AOZORA BANK LTD","Financials","Equity","1,896.52","0.06","1,896.52","90.00","-","JP3711200000","B1G1854","20.97","Japan","Tokyo Stock Exchange","USD","104.67","JPY"
"7167","MEBUKI FINANCIAL GROUP INC","Financials","Equity","1,866.25","0.05","1,866.25","906.00","-","JP3117700009","BH0VTS2","2.06","Japan","Tokyo Stock Exchange","USD","104.67","JPY"
"3635","KOEI TECMO HOLDINGS LTD","Communication","Equity","1,849.05","0.05","1,849.05","30.00","-","JP3283460008","B60DR09","61.34","Japan","Tokyo Stock Exchange","USD","104.67","JPY"
"5631","JAPAN STEEL WORKS LTD","Industrials","Equity","1,834.60","0.05","1,834.60","60.00","S64706856","JP3721400004","6470685","30.43","Japan","Tokyo Stock Exchange","USD","104.67","JPY"
"6849","NIHON KOHDEN CORP","Health Care","Equity","1,808.80","0.05","1,808.80","60.00","S66399700","JP3706800004","6639970","30.00","Japan","Tokyo Stock Exchange","USD","104.67","JPY"
"2670","ABC MART INC","Consumer Discretionary","Equity","1,800.20","0.05","1,800.20","30.00","S62921028","JP3152740001","6292102","59.71","Japan","Tokyo Stock Exchange","USD","104.67","JPY"
"4208","UBE INDUSTRIES LTD","Materials","Equity","1,794.70","0.05","1,794.70","90.00","S69107050","JP3158800007","6910705","19.84","Japan","Tokyo Stock Exchange","USD","104.67","JPY"
"3360","SHIP HEALTHCARE HOLDINGS INC","Health Care","Equity","1,791.60","0.05","1,791.60","30.00","-","JP3274150006","B05MTR0","59.43","Japan","Tokyo Stock Exchange","USD","104.67","JPY"
"2412","BENEFIT ONE INC","Industrials","Equity","1,768.55","0.05","1,768.55","60.00","-","JP3835630009","B02JV67","29.33","Japan","Tokyo Stock Exchange","USD","104.67","JPY"
"7282","TOYODA GOSEI LTD","Consumer Discretionary","Equity","1,754.10","0.05","1,754.10","60.00","S69005577","JP3634200004","6900557","29.09","Japan","Tokyo Stock Exchange","USD","104.67","JPY"
"XTSLA","BLK CSH FND TREASURY SL AGENCY","Cash and/or Derivatives","Money Market","1,753.72","0.05","1,753.72","1,754.00","066922477","US0669224778","-","1.00","United States","-","USD","1.00","USD"
"5110","SUMITOMO RUBBER INDUSTRIES LTD","Consumer Discretionary","Equity","1,690.46","0.05","1,690.46","151.00","S68589910","JP3404200002","6858991","11.22","Japan","Tokyo Stock Exchange","USD","104.67","JPY"
"4202","DAICEL CORP","Materials","Equity","1,681.52","0.05","1,681.52","211.00","S62505425","JP3485800001","6250542","7.97","Japan","Tokyo Stock Exchange","USD","104.67","JPY"
"6136","OSG CORP","Industrials","Equity","1,665.00","0.05","1,665.00","90.00","S66556200","JP3170800001","6655620","18.41","Japan","Tokyo Stock Exchange","USD","104.67","JPY"
"5801","FURUKAWA ELECTRIC LTD","Industrials","Equity","1,656.06","0.05","1,656.06","60.00","S63575625","JP3827200001","6357562","27.47","Japan","Tokyo Stock Exchange","USD","104.67","JPY"
"1881","NIPPO CORP","Industrials","Equity","1,641.61","0.05","1,641.61","60.00","S66407891","JP3750200002","6640789","27.23","Japan","Tokyo Stock Exchange","USD","104.67","JPY"
"8283","PALTAC CORP","Consumer Discretionary","Equity","1,641.61","0.05","1,641.61","30.00","-","JP3782200004","B61BG94","54.46","Japan","Tokyo Stock Exchange","USD","104.67","JPY"
"5101","YOKOHAMA RUBBER LTD","Consumer Discretionary","Equity","1,613.06","0.05","1,613.06","90.00","S69864619","JP3955800002","6986461","17.84","Japan","Tokyo Stock Exchange","USD","104.67","JPY"
"8905","AEON MALL LTD","Real Estate","Equity","1,609.62","0.05","1,609.62","90.00","S65342024","JP3131430005","6534202","17.80","Japan","Tokyo Stock Exchange","USD","104.67","JPY"
"5105","TOYO TIRE CORP","Consumer Discretionary","Equity","1,602.05","0.05","1,602.05","90.00","S69001824","JP3610600003","6900182","17.71","Japan","Tokyo Stock Exchange","USD","104.67","JPY"
"9744","MEITEC CORP","Industrials","Equity","1,584.16","0.05","1,584.16","30.00","S65763567","JP3919200000","6576356","52.55","Japan","Tokyo Stock Exchange","USD","104.67","JPY"
"3549","KUSURI NO AOKI HOLDINGS LTD","Consumer Staples","Equity","1,582.10","0.05","1,582.10","19.00","-","JP3266190002","BYX8TV2","83.98","Japan","Tokyo Stock Exchange","USD","104.67","JPY"
"1860","TODA CORP","Industrials","Equity","1,548.39","0.04","1,548.39","211.00","S68938844","JP3627000007","6893884","7.34","Japan","Tokyo Stock Exchange","USD","104.67","JPY"
"4631","DIC CORP","Materials","Equity","1,543.91","0.04","1,543.91","60.00","S62508213","JP3493400000","6250821","25.61","Japan","Tokyo Stock Exchange","USD","104.67","JPY"
"4043","TOKUYAMA CORP","Materials","Equity","1,520.18","0.04","1,520.18","60.00","S68957612","JP3625000009","6895761","25.21","Japan","Tokyo Stock Exchange","USD","104.67","JPY"
"8572","ACOM LTD","Financials","Equity","1,479.58","0.04","1,479.58","332.00","S60497849","JP3108600002","6049784","4.46","Japan","Tokyo Stock Exchange","USD","104.67","JPY"
"2264","MORINAGA MILK INDUSTRY LTD","Consumer Staples","Equity","1,463.07","0.04","1,463.07","30.00","S66026485","JP3926800008","6602648","48.54","Japan","Tokyo Stock Exchange","USD","104.67","JPY"
"6750","ELECOM LTD","Information Technology","Equity","1,454.47","0.04","1,454.47","30.00","S63885289","JP3168200008","6388528","48.25","Japan","Tokyo Stock Exchange","USD","104.67","JPY"
"5393","NICHIAS CORP","Industrials","Equity","1,453.44","0.04","1,453.44","60.00","S66411463","JP3660400007","6641146","24.11","Japan","Tokyo Stock Exchange","USD","104.67","JPY"
"6728","ULVAC INC","Information Technology","Equity","1,448.62","0.04","1,448.62","30.00","S65994832","JP3126190002","6599483","48.06","Japan","Tokyo Stock Exchange","USD","104.67","JPY"
"2201","MORINAGA LTD","Consumer Staples","Equity","1,430.39","0.04","1,430.39","34.00","S66026048","JP3926400007","6602604","42.18","Japan","Tokyo Stock Exchange","USD","104.67","JPY"
"4555","SAWAI PHARMACEUTICAL LTD","Health Care","Equity","1,411.13","0.04","1,411.13","30.00","S67849554","JP3323050009","6784955","46.82","Japan","Tokyo Stock Exchange","USD","104.67","JPY"
"4927","POLA ORBIS HOLDINGS INC","Consumer Staples","Equity","1,408.37","0.04","1,408.37","60.00","-","JP3855900001","B5N4QN8","23.36","Japan","Tokyo Stock Exchange","USD","104.67","JPY"
"5021","COSMO ENERGY HOLDINGS LTD","Energy","Equity","1,374.32","0.04","1,374.32","60.00","-","JP3298000005","BYSJJ43","22.80","Japan","Tokyo Stock Exchange","USD","104.67","JPY"
"7729","TOKYO SEIMITSU LTD","Information Technology","Equity","1,370.88","0.04","1,370.88","30.00","S68943042","JP3580200008","6894304","45.48","Japan","Tokyo Stock Exchange","USD","104.67","JPY"
"8410","SEVEN BANK LTD","Financials","Equity","1,346.11","0.04","1,346.11","573.00","-","JP3105220002","B2NT8S1","2.35","Japan","Tokyo Stock Exchange","USD","104.67","JPY"
"2427","OUTSOURCING INC","Industrials","Equity","1,288.31","0.04","1,288.31","90.00","-","JP3105270007","B03XKH2","14.25","Japan","Tokyo Stock Exchange","USD","104.67","JPY"
"5857","ASAHI HOLDINGS INC","Materials","Equity","1,244.28","0.04","1,244.28","30.00","-","JP3116700000","B60DQZ7","41.27","Japan","Tokyo Stock Exchange","USD","104.67","JPY"
"3107","DAIWABO HOLDINGS LTD","Information Technology","Equity","1,227.08","0.04","1,227.08","15.00","S62514260","JP3505400006","6251426","81.40","Japan","Tokyo Stock Exchange","USD","104.67","JPY"
"8570","AEON FINANCIAL SERVICES LTD","Financials","Equity","1,209.54","0.04","1,209.54","90.00","S60377348","JP3131400008","6037734","13.38","Japan","Tokyo Stock Exchange","USD","104.67","JPY"
"4819","DIGITAL GARAGE INC","Information Technology","Equity","1,200.94","0.03","1,200.94","30.00","S63094221","JP3549070005","6309422","39.84","Japan","Tokyo Stock Exchange","USD","104.67","JPY"
"1332","NIPPON SUISAN LTD","Consumer Staples","Equity","1,186.49","0.03","1,186.49","241.00","S66409277","JP3718800000","6640927","4.92","Japan","Tokyo Stock Exchange","USD","104.67","JPY"
"2317","SYSTENA CORP","Information Technology","Equity","1,171.70","0.03","1,171.70","60.00","S65378812","JP3351050004","6537881","19.43","Japan","Tokyo Stock Exchange","USD","104.67","JPY"
"6588","TOSHIBA TEC CORP","Information Technology","Equity","1,163.44","0.03","1,163.44","30.00","S68948876","JP3594000006","6894887","38.60","Japan","Tokyo Stock Exchange","USD","104.67","JPY"
"4521","KAKEN PHARMACEUTICAL LTD","Health Care","Equity","1,157.93","0.03","1,157.93","30.00","S64816432","JP3207000005","6481643","38.41","Japan","Tokyo Stock Exchange","USD","104.67","JPY"
"8273","IZUMI LTD","Consumer Discretionary","Equity","1,149.33","0.03","1,149.33","30.00","S64681521","JP3138400001","6468152","38.12","Japan","Tokyo Stock Exchange","USD","104.67","JPY"
"1719","HAZAMA ANDO CORP","Industrials","Equity","1,126.29","0.03","1,126.29","151.00","S66879917","JP3767810009","6687991","7.47","Japan","Tokyo Stock Exchange","USD","104.67","JPY"
"7458","DAIICHIKOSHO LTD","Communication","Equity","1,117.34","0.03","1,117.34","30.00","S62531322","JP3475200006","6253132","37.07","Japan","Tokyo Stock Exchange","USD","104.67","JPY"
"6035","IR JAPAN HOLDINGS LTD","Industrials","Equity","1,106.68","0.03","1,106.68","8.00","-","JP3100640006","BV8TBH9","146.85","Japan","Tokyo Stock Exchange","USD","104.67","JPY"
"1824","MAEDA CORP","Industrials","Equity","1,085.35","0.03","1,085.35","121.00","S65547051","JP3861200008","6554705","9.00","Japan","Tokyo Stock Exchange","USD","104.67","JPY"
"3116","TOYOTA BOSHOKU CORP","Consumer Discretionary","Equity","1,077.78","0.03","1,077.78","60.00","S69005916","JP3635400009","6900591","17.88","Japan","Tokyo Stock Exchange","USD","104.67","JPY"
"2782","SERIA LTD","Consumer Discretionary","Equity","1,062.64","0.03","1,062.64","30.00","S66807181","JP3423520000","6680718","35.26","Japan","Tokyo Stock Exchange","USD","104.67","JPY"
"3048","BIC CAMERA INC","Consumer Discretionary","Equity","1,038.56","0.03","1,038.56","90.00","-","JP3800390001","B194YN0","11.48","Japan","Tokyo Stock Exchange","USD","104.67","JPY"
"1959","KYUDENKO CORP","Industrials","Equity","1,011.04","0.03","1,011.04","30.00","S64999691","JP3247050002","6499969","33.54","Japan","Tokyo Stock Exchange","USD","104.67","JPY"
"3148","CREATE SD HOLDINGS LTD","Consumer Staples","Equity","1,011.04","0.03","1,011.04","30.00","-","JP3269940007","B3V2XQ2","33.54","Japan","Tokyo Stock Exchange","USD","104.67","JPY"
"2327","NS SOLUTIONS CORP","Information Technology","Equity","987.99","0.03","987.99","30.00","S65446874","JP3379900008","6544687","32.77","Japan","Tokyo Stock Exchange","USD","104.67","JPY"
"2146","UT GROUP LTD","Industrials","Equity","973.55","0.03","973.55","30.00","-","JP3949500007","B1V04K3","32.29","Japan","Tokyo Stock Exchange","USD","104.67","JPY"
"9086","HITACHI TRANSPORT SYSTEM LTD","Industrials","Equity","969.07","0.03","969.07","30.00","S64292345","JP3791200003","6429234","32.15","Japan","Tokyo Stock Exchange","USD","104.67","JPY"
"4849","EN JAPAN INC","Industrials","Equity","961.85","0.03","961.85","30.00","S63527501","JP3168700007","6352750","31.91","Japan","Tokyo Stock Exchange","USD","104.67","JPY"
"7313","TS TECH LTD","Consumer Discretionary","Equity","933.30","0.03","933.30","30.00","-","JP3539230007","B1P1JR4","30.96","Japan","Tokyo Stock Exchange","USD","104.67","JPY"
"7846","PILOT CORP","Industrials","Equity","911.62","0.03","911.62","30.00","S64253628","JP3780610006","6425362","30.24","Japan","Tokyo Stock Exchange","USD","104.67","JPY"
"4348","INFOCOM CORP","Information Technology","Equity","888.58","0.03","888.58","30.00","S65067399","JP3153450006","6506739","29.47","Japan","Tokyo Stock Exchange","USD","104.67","JPY"
"2379","DIP CORP","Communication","Equity","863.46","0.03","863.46","30.00","S67140715","JP3548640006","6714071","28.64","Japan","Tokyo Stock Exchange","USD","104.67","JPY"
"3765","GUNGHO ONLINE ENTERTAINMENT INC","Communication","Equity","856.24","0.02","856.24","34.00","-","JP3235900002","B064D84","25.53","Japan","Tokyo Stock Exchange","USD","104.67","JPY"
"3167","TOKAI HOLDINGS CORP","Industrials","Equity","847.64","0.02","847.64","90.00","-","JP3552260006","B3SF9N3","9.37","Japan","Tokyo Stock Exchange","USD","104.67","JPY"
"1820","NISHIMATSU CONSTRUCTION LTD","Industrials","Equity","845.23","0.02","845.23","34.00","S66409830","JP3659200004","6640983","24.93","Japan","Tokyo Stock Exchange","USD","104.67","JPY"
"2121","MIXI INC","Communication","Equity","839.38","0.02","839.38","34.00","-","JP3882750007","B1BSCX6","24.76","Japan","Tokyo Stock Exchange","USD","104.67","JPY"
"8850","STARTS CORP INC","Real Estate","Equity","830.78","0.02","830.78","30.00","S68419134","JP3399200009","6841913","27.55","Japan","Tokyo Stock Exchange","USD","104.67","JPY"
"8020","KANEMATSU CORP","Industrials","Equity","829.06","0.02","829.06","60.00","S64834674","JP3217100001","6483467","13.75","Japan","Tokyo Stock Exchange","USD","104.67","JPY"
"1861","KUMAGAI LTD","Industrials","Equity","820.46","0.02","820.46","30.00","S64975659","JP3266800006","6497565","27.22","Japan","Tokyo Stock Exchange","USD","104.67","JPY"
"7575","JAPAN LIFELINE LTD","Health Care","Equity","820.12","0.02","820.12","60.00","S60934916","JP3754500001","6093491","13.61","Japan","Tokyo Stock Exchange","USD","104.67","JPY"
"7419","NOJIMA CORP","Consumer Discretionary","Equity","791.22","0.02","791.22","30.00","S66168766","JP3761600000","6616876","26.25","Japan","Tokyo Stock Exchange","USD","104.67","JPY"
"4816","TOEI ANIMATION LTD","Communication","Equity","784.68","0.02","784.68","8.00","S63018717","JP3560200002","6301871","104.14","Japan","Tokyo Stock Exchange","USD","104.67","JPY"
"6432","TAKEUCHI MFG LTD","Industrials","Equity","763.36","0.02","763.36","30.00","S65650319","JP3462660006","6565031","25.32","Japan","Tokyo Stock Exchange","USD","104.67","JPY"
"4189","KH NEOCHEM LTD","Materials","Equity","738.59","0.02","738.59","30.00","-","JP3277040006","BZCRNM6","24.51","Japan","Tokyo Stock Exchange","USD","104.67","JPY"
"1333","MARUHA NICHIRO CORP","Consumer Staples","Equity","726.20","0.02","726.20","30.00","-","JP3876600002","BKGHM19","24.09","Japan","Tokyo Stock Exchange","USD","104.67","JPY"
"9509","HOKKAIDO ELECTRIC POWER INC","Utilities","Equity","686.99","0.02","686.99","151.00","S64313257","JP3850200001","6431325","4.56","Japan","Tokyo Stock Exchange","USD","104.67","JPY"
"9678","KANAMOTO LTD","Industrials","Equity","683.89","0.02","683.89","30.00","S64829039","JP3215200001","6482903","22.69","Japan","Tokyo Stock Exchange","USD","104.67","JPY"
"2337","ICHIGO INC","Real Estate","Equity","655.34","0.02","655.34","211.00","S65497679","JP3120010008","6549767","3.11","Japan","Tokyo Stock Exchange","USD","104.67","JPY"
"8585","ORIENT CORP","Financials","Equity","609.24","0.02","609.24","451.00","S66611229","JP3199000005","6661122","1.35","Japan","Tokyo Stock Exchange","USD","104.67","JPY"
"9603","HIS LTD","Consumer Discretionary","Equity","583.44","0.02","583.44","30.00","S64004336","JP3160740001","6400433","19.36","Japan","Tokyo Stock Exchange","USD","104.67","JPY"
"6670","MCJ LTD","Information Technology","Equity","574.84","0.02","574.84","60.00","-","JP3167420003","B00TL47","9.54","Japan","Tokyo Stock Exchange","USD","104.67","JPY"
"3543","KOMEDA HOLDINGS LTD","Consumer Discretionary","Equity","570.02","0.02","570.02","30.00","-","JP3305580007","BD96HP3","18.91","Japan","Tokyo Stock Exchange","USD","104.67","JPY"
"1821","SUMITOMO MITSUI CONSTRUCTION LTD","Industrials","Equity","552.82","0.02","552.82","121.00","S65972499","JP3889200006","6597249","4.56","Japan","Tokyo Stock Exchange","USD","104.67","JPY"
"HBCFT","CASH COLLATERAL JPY HBCFT","Cash and/or Derivatives","Cash Collateral and Margins","378.07","0.01","378.07","394.00","-","-","-","0.96","Japan","-","USD","104.67","JPY"
"7148","FINANCIAL PRODUCTS GROUP LTD","Financials","Equity","344.35","0.01","344.35","60.00","-","JP3166990006","B54LCZ2","5.71","Japan","Tokyo Stock Exchange","USD","104.67","JPY"
"1720","TOKYU CONSTRUCTION LTD","Industrials","Equity","319.58","0.01","319.58","60.00","S66893512","JP3567410000","6689351","5.30","Japan","Tokyo Stock Exchange","USD","104.67","JPY"
"3932","AKATSUKI INC","Communication","Equity","315.46","0.01","315.46","8.00","-","JP3107000006","BYXBLB5","41.85","Japan","Tokyo Stock Exchange","USD","104.67","JPY"
"USD","USD CASH","Cash and/or Derivatives","Cash","287.54","0.01","287.54","3.00","-","-","-","100.00","United States","-","USD","1.00","USD"
"TMIH1","MINI TPX IDX MAR 21","Cash and/or Derivatives","Futures","0.00","0.00","0.00","0.00","-","-","-","18.36","-","Osaka Securities Exchange","USD","104.67","JPY"
"JPY","JPY/USD","Cash and/or Derivatives","Forwards","-11.96","0.00","-11.96","-12.00","-","-","-","1.00","United States","-","USD","1.00","USD"
"JPY","JPY/USD","Cash and/or Derivatives","Forwards","-23.24","0.00","-23.24","-23.00","-","-","-","1.00","United States","-","USD","1.00","USD"
"JPY","JPY/USD","Cash and/or Derivatives","Forwards","-465.70","-0.01","-465.70","-466.00","-","-","-","1.00","United States","-","USD","1.00","USD"
